<?xml version="1.0" encoding="UTF-8" ?>
<!DOCTYPE mapper
  PUBLIC "-//mybatis.org//DTD Mapper 3.0//EN"
  "https://mybatis.org/dtd/mybatis-3-mapper.dtd">

<mapper namespace="com.yedam.mapper.MemberMapper">

	<select id="memberList" resultType="com.yedam.vo.MemberVO">
		select * from tbl_member order by member_id
	</select>
	
	<insert id="insertMember" parameterType="com.yedam.vo.MemberVO">
		insert into tbl_member (member_id, member_name, password, email)
        values(#{memberId}, #{memberName}, #{password}, #{email})
	</insert>
	
	<update id="updateMember" parameterType="com.yedam.vo.MemberVO">
	    update tbl_member
	    set    member_name = #{memberName}
	          ,email       = #{email}
	          ,password    = #{password}
	    where member_id = #{memberId}
	</update>
	
	<!-- 주석: 회원삭제. -->
	<delete id="deleteMember" parameterType="string">
	    delete from tbl_member
	    where member_id = #{memberId}
	</delete>
	
	<!-- 단건조회: 회원추가할 때 회원아이디가 있는지 확인, 조회할 경우. -->
	<select id="selectMember" parameterType="string" resultType="com.yedam.vo.MemberVO">
	    select member_id   -- memberId
	          ,member_name
	          ,password
	          ,email
	          ,creation_date
	          ,authority
	    from tbl_member
	    where member_id = #{memberId}
	</select>
	
	<select id="loginMember" resultType="com.yedam.vo.MemberVO">
		select member_id   -- memberId
	          ,member_name
	          ,password
	          ,email
	          ,creation_date
	          ,authority
	    from tbl_member
	    where member_id = #{id}
	    and   password = #{pw}
	</select>

</mapper>