<?xml version="1.0" encoding="UTF-8" ?>
<!DOCTYPE mapper
  PUBLIC "-//mybatis.org//DTD Mapper 3.0//EN"
  "https://mybatis.org/dtd/mybatis-3-mapper.dtd">

<mapper namespace="com.yedam.mapper.ReplyMapper">

  <select id="selectList" parameterType="int">
    select reply_no
          ,replyer
          ,reply
          ,board_no
          ,reply_date
    from tbl_reply
    where board_no = #{bno}
    order by reply_no
  </select>
  
  <delete id="deleteReply" parameterType="int">
    delete from tbl_reply
    where reply_no = #{rno}
  </delete>
  
  <delete id="deleteReplys" parameterType="string">
    delete from tbl_reply
    where reply_no in 
    <foreach collection="array" item="reply" open="( " separator="," close=")">
      #{reply}
    </foreach>
  </delete>
  
  <select id="selectKey" resultType="int">
    select reply_seq.nextval
    from dual
  </select>
  
  <insert id="insertReply" parameterType="com.yedam.vo.ReplyVO">
    insert into tbl_reply (reply_no, replyer, reply, board_no)
    values (#{replyNo}, #{replyer}, #{reply}, #{boardNo})
  </insert>

</mapper>