[{"id":1,"first_name":"Sianna","last_name":"Wylie","email":"swylie0@pagesperso-orange.fr","gender":"Female","salary":4781},
{"id":2,"first_name":"Piggy","last_name":"Middup","email":"pmiddup1@bloomberg.com","gender":"Male","salary":9660},
{"id":3,"first_name":"Marji","last_name":"Paulet","email":"mpaulet2@youtu.be","gender":"Female","salary":8162},
{"id":4,"first_name":"Vally","last_name":"Boal","email":"vboal3@usnews.com","gender":"Female","salary":6360},
{"id":5,"first_name":"Emmy","last_name":"Stolberg","email":"estolberg4@moonfruit.com","gender":"Agender","salary":6547},
{"id":6,"first_name":"Fonzie","last_name":"Milsom","email":"fmilsom5@businessweek.com","gender":"Male","salary":8433},
{"id":7,"first_name":"Mab","last_name":"Screeton","email":"mscreeton6@sakura.ne.jp","gender":"Female","salary":3285},
{"id":8,"first_name":"Jeremie","last_name":"Sayle","email":"jsayle7@cloudflare.com","gender":"Non-binary","salary":4478},
{"id":9,"first_name":"Cornie","last_name":"McWhin","email":"cmcwhin8@digg.com","gender":"Male","salary":4105},
{"id":10,"first_name":"Jayne","last_name":"Vogelein","email":"jvogelein9@mit.edu","gender":"Female","salary":7512},
{"id":11,"first_name":"Riley","last_name":"Millsom","email":"rmillsoma@mit.edu","gender":"Male","salary":8210},
{"id":12,"first_name":"Nicoli","last_name":"Claffey","email":"nclaffeyb@dropbox.com","gender":"Female","salary":4545},
{"id":13,"first_name":"Nani","last_name":"MacGaughey","email":"nmacgaugheyc@loc.gov","gender":"Female","salary":6759},
{"id":14,"first_name":"Heall","last_name":"Jonczyk","email":"hjonczykd@adobe.com","gender":"Male","salary":8819},
{"id":15,"first_name":"Dacia","last_name":"Confait","email":"dconfaite@businesswire.com","gender":"Female","salary":4636},
{"id":16,"first_name":"Aylmar","last_name":"Stribbling","email":"astribblingf@friendfeed.com","gender":"Male","salary":8617},
{"id":17,"first_name":"Priscella","last_name":"Delieu","email":"pdelieug@bloglines.com","gender":"Female","salary":7633},
{"id":18,"first_name":"Vin","last_name":"Dilston","email":"vdilstonh@bbb.org","gender":"Female","salary":4450},
{"id":19,"first_name":"Sisely","last_name":"MacElharge","email":"smacelhargei@pen.io","gender":"Female","salary":5692},
{"id":20,"first_name":"Galvan","last_name":"Scotsbrook","email":"gscotsbrookj@imageshack.us","gender":"Male","salary":7951},
{"id":21,"first_name":"Maurine","last_name":"Cramphorn","email":"mcramphornk@wordpress.org","gender":"Female","salary":4616},
{"id":22,"first_name":"Phelia","last_name":"Pickvance","email":"ppickvancel@unesco.org","gender":"Female","salary":8056},
{"id":23,"first_name":"Saleem","last_name":"Hoult","email":"shoultm@sitemeter.com","gender":"Male","salary":6377},
{"id":24,"first_name":"Elsi","last_name":"Gianolini","email":"egianolinin@hao123.com","gender":"Female","salary":6372},
{"id":25,"first_name":"Edouard","last_name":"Boshard","email":"eboshardo@csmonitor.com","gender":"Male","salary":4760},
{"id":26,"first_name":"Nikki","last_name":"Rimmington","email":"nrimmingtonp@163.com","gender":"Male","salary":5911},
{"id":27,"first_name":"Titos","last_name":"Lamplugh","email":"tlamplughq@si.edu","gender":"Male","salary":9068},
{"id":28,"first_name":"Heddie","last_name":"Storrier","email":"hstorrierr@nba.com","gender":"Female","salary":5354},
{"id":29,"first_name":"Grant","last_name":"Calleja","email":"gcallejas@jugem.jp","gender":"Male","salary":3508},
{"id":30,"first_name":"Eveline","last_name":"Ruzicka","email":"eruzickat@typepad.com","gender":"Female","salary":5795}]